specification_id,specification_label,family,definition,population_role,region,quantity,point_estimate,percentile_2_5,percentile_97_5,interval_relation_to_zero,successful_replicates,failure_count,units,site_count,early_rows,later_rows,fit_rows,standardization_rows,fit_population_sha256,standardization_population_sha256,component_relation,difference_from_primary,absolute_difference_from_primary,sign_agreement_with_primary,interval_relation_agreement_with_primary,component_relation_agreement_with_primary,review_flag_absolute_difference_ge_0_5_ppb,display_point,display_interval,point_source_path,point_source_record,interval_source_path,interval_source_record
temperature_spline_3df,Three-df TMAX spline,temperature_functional_form,Three centered natural-cubic TMAX columns with pooled 1/3 and 2/3 knots,sensitivity_temperature_spline_3df_primary_population,national,A,42.06721981285866,41.81858038709086,42.31142659964215,entirely_above_zero,1000,0,ppb,884,1192343,1204210,2396553,2396553,3f46faf96f62fecb2214c5cf15538c356c47c923d0370250dbf012e8278045ae,3f46faf96f62fecb2214c5cf15538c356c47c923d0370250dbf012e8278045ae,reinforce,0.0006817180245590748,0.0006817180245590748,True,True,True,False,+42.07,"[41.82, 42.31]",outputs/analysis/sensitivity_temperature_spline_3df_real/point_estimates.json,record[region='national'].A,outputs/bootstrap/sensitivity_temperature_spline_3df/interval_summary.json,"record[region='national',quantity='A']"
temperature_spline_3df,Three-df TMAX spline,temperature_functional_form,Three centered natural-cubic TMAX columns with pooled 1/3 and 2/3 knots,sensitivity_temperature_spline_3df_primary_population,national,B,42.13802067331885,41.89185620860619,42.375504998193634,entirely_above_zero,1000,0,ppb,884,1192343,1204210,2396553,2396553,3f46faf96f62fecb2214c5cf15538c356c47c923d0370250dbf012e8278045ae,3f46faf96f62fecb2214c5cf15538c356c47c923d0370250dbf012e8278045ae,reinforce,0.0007494291856531277,0.0007494291856531277,True,True,True,False,+42.14,"[41.89, 42.38]",outputs/analysis/sensitivity_temperature_spline_3df_real/point_estimates.json,record[region='national'].B,outputs/bootstrap/sensitivity_temperature_spline_3df/interval_summary.json,"record[region='national',quantity='B']"
temperature_spline_3df,Three-df TMAX spline,temperature_functional_form,Three centered natural-cubic TMAX columns with pooled 1/3 and 2/3 knots,sensitivity_temperature_spline_3df_primary_population,national,C,42.45494126225064,42.194854149610684,42.68625320550718,entirely_above_zero,1000,0,ppb,884,1192343,1204210,2396553,2396553,3f46faf96f62fecb2214c5cf15538c356c47c923d0370250dbf012e8278045ae,3f46faf96f62fecb2214c5cf15538c356c47c923d0370250dbf012e8278045ae,reinforce,0.0027309467131644283,0.0027309467131644283,True,True,True,False,+42.45,"[42.19, 42.69]",outputs/analysis/sensitivity_temperature_spline_3df_real/point_estimates.json,record[region='national'].C,outputs/bootstrap/sensitivity_temperature_spline_3df/interval_summary.json,"record[region='national',quantity='C']"
temperature_spline_3df,Three-df TMAX spline,temperature_functional_form,Three centered natural-cubic TMAX columns with pooled 1/3 and 2/3 knots,sensitivity_temperature_spline_3df_primary_population,national,D,42.53025765340331,42.272034378853114,42.765797499167746,entirely_above_zero,1000,0,ppb,884,1192343,1204210,2396553,2396553,3f46faf96f62fecb2214c5cf15538c356c47c923d0370250dbf012e8278045ae,3f46faf96f62fecb2214c5cf15538c356c47c923d0370250dbf012e8278045ae,reinforce,0.00022971051104292428,0.00022971051104292428,True,True,True,False,+42.53,"[42.27, 42.77]",outputs/analysis/sensitivity_temperature_spline_3df_real/point_estimates.json,record[region='national'].D,outputs/bootstrap/sensitivity_temperature_spline_3df/interval_summary.json,"record[region='national',quantity='D']"
temperature_spline_3df,Three-df TMAX spline,temperature_functional_form,Three centered natural-cubic TMAX columns with pooled 1/3 and 2/3 knots,sensitivity_temperature_spline_3df_primary_population,national,temperature_distribution_component,0.07305862580642852,0.04173182832762379,0.10234229190089451,entirely_above_zero,1000,0,ppb,884,1192343,1204210,2396553,2396553,3f46faf96f62fecb2214c5cf15538c356c47c923d0370250dbf012e8278045ae,3f46faf96f62fecb2214c5cf15538c356c47c923d0370250dbf012e8278045ae,reinforce,-0.0012167625205137256,0.0012167625205137256,True,True,True,False,+0.07,"[0.04, 0.10]",outputs/analysis/sensitivity_temperature_spline_3df_real/point_estimates.json,record[region='national'].temperature_distribution_component,outputs/bootstrap/sensitivity_temperature_spline_3df/interval_summary.json,"record[region='national',quantity='temperature_distribution_component']"
temperature_spline_3df,Three-df TMAX spline,temperature_functional_form,Three centered natural-cubic TMAX columns with pooled 1/3 and 2/3 knots,sensitivity_temperature_spline_3df_primary_population,national,response_component,0.38997921473822217,0.2821228064425845,0.5062719162974437,entirely_above_zero,1000,0,ppb,884,1192343,1204210,2396553,2396553,3f46faf96f62fecb2214c5cf15538c356c47c923d0370250dbf012e8278045ae,3f46faf96f62fecb2214c5cf15538c356c47c923d0370250dbf012e8278045ae,reinforce,0.000764755006997575,0.000764755006997575,True,True,True,False,+0.39,"[0.28, 0.51]",outputs/analysis/sensitivity_temperature_spline_3df_real/point_estimates.json,record[region='national'].response_component,outputs/bootstrap/sensitivity_temperature_spline_3df/interval_summary.json,"record[region='national',quantity='response_component']"
temperature_spline_3df,Three-df TMAX spline,temperature_functional_form,Three centered natural-cubic TMAX columns with pooled 1/3 and 2/3 knots,sensitivity_temperature_spline_3df_primary_population,national,total_change,0.4630378405446507,0.3519330173329237,0.577883717937917,entirely_above_zero,1000,0,ppb,884,1192343,1204210,2396553,2396553,3f46faf96f62fecb2214c5cf15538c356c47c923d0370250dbf012e8278045ae,3f46faf96f62fecb2214c5cf15538c356c47c923d0370250dbf012e8278045ae,reinforce,-0.00045200751351615054,0.00045200751351615054,True,True,True,False,+0.46,"[0.35, 0.58]",outputs/analysis/sensitivity_temperature_spline_3df_real/point_estimates.json,record[region='national'].total_change,outputs/bootstrap/sensitivity_temperature_spline_3df/interval_summary.json,"record[region='national',quantity='total_change']"
temperature_spline_3df,Three-df TMAX spline,temperature_functional_form,Three centered natural-cubic TMAX columns with pooled 1/3 and 2/3 knots,sensitivity_temperature_spline_3df_primary_population,Northeast,A,41.41125951512033,40.919972666051066,41.89257559831593,entirely_above_zero,1000,0,ppb,158,181450,180924,362374,362374,3f46faf96f62fecb2214c5cf15538c356c47c923d0370250dbf012e8278045ae,3f46faf96f62fecb2214c5cf15538c356c47c923d0370250dbf012e8278045ae,reinforce,0.0018176700539456192,0.0018176700539456192,True,True,True,False,+41.41,"[40.92, 41.89]",outputs/analysis/sensitivity_temperature_spline_3df_real/point_estimates.json,record[region='Northeast'].A,outputs/bootstrap/sensitivity_temperature_spline_3df/interval_summary.json,"record[region='Northeast',quantity='A']"
temperature_spline_3df,Three-df TMAX spline,temperature_functional_form,Three centered natural-cubic TMAX columns with pooled 1/3 and 2/3 knots,sensitivity_temperature_spline_3df_primary_population,Northeast,B,41.36489652986756,40.85926093122669,41.842878915756586,entirely_above_zero,1000,0,ppb,158,181450,180924,362374,362374,3f46faf96f62fecb2214c5cf15538c356c47c923d0370250dbf012e8278045ae,3f46faf96f62fecb2214c5cf15538c356c47c923d0370250dbf012e8278045ae,reinforce,0.038124936304036794,0.038124936304036794,True,True,True,False,+41.36,"[40.86, 41.84]",outputs/analysis/sensitivity_temperature_spline_3df_real/point_estimates.json,record[region='Northeast'].B,outputs/bootstrap/sensitivity_temperature_spline_3df/interval_summary.json,"record[region='Northeast',quantity='B']"
temperature_spline_3df,Three-df TMAX spline,temperature_functional_form,Three centered natural-cubic TMAX columns with pooled 1/3 and 2/3 knots,sensitivity_temperature_spline_3df_primary_population,Northeast,C,41.28078661139334,40.84610587271016,41.722135489945906,entirely_above_zero,1000,0,ppb,158,181450,180924,362374,362374,3f46faf96f62fecb2214c5cf15538c356c47c923d0370250dbf012e8278045ae,3f46faf96f62fecb2214c5cf15538c356c47c923d0370250dbf012e8278045ae,reinforce,-0.010904267052396222,0.010904267052396222,True,True,True,False,+41.28,"[40.85, 41.72]",outputs/analysis/sensitivity_temperature_spline_3df_real/point_estimates.json,record[region='Northeast'].C,outputs/bootstrap/sensitivity_temperature_spline_3df/interval_summary.json,"record[region='Northeast',quantity='C']"
temperature_spline_3df,Three-df TMAX spline,temperature_functional_form,Three centered natural-cubic TMAX columns with pooled 1/3 and 2/3 knots,sensitivity_temperature_spline_3df_primary_population,Northeast,D,41.23619138090204,40.78023008424772,41.6715459714532,entirely_above_zero,1000,0,ppb,158,181450,180924,362374,362374,3f46faf96f62fecb2214c5cf15538c356c47c923d0370250dbf012e8278045ae,3f46faf96f62fecb2214c5cf15538c356c47c923d0370250dbf012e8278045ae,reinforce,0.00027084418892542317,0.00027084418892542317,True,True,True,False,+41.24,"[40.78, 41.67]",outputs/analysis/sensitivity_temperature_spline_3df_real/point_estimates.json,record[region='Northeast'].D,outputs/bootstrap/sensitivity_temperature_spline_3df/interval_summary.json,"record[region='Northeast',quantity='D']"
temperature_spline_3df,Three-df TMAX spline,temperature_functional_form,Three centered natural-cubic TMAX columns with pooled 1/3 and 2/3 knots,sensitivity_temperature_spline_3df_primary_population,Northeast,temperature_distribution_component,-0.04547910787203335,-0.12245949277659766,0.03289626272961006,includes_zero,1000,0,ppb,158,181450,180924,362374,362374,3f46faf96f62fecb2214c5cf15538c356c47c923d0370250dbf012e8278045ae,3f46faf96f62fecb2214c5cf15538c356c47c923d0370250dbf012e8278045ae,reinforce,0.02374118874570641,0.02374118874570641,True,True,True,False,-0.05,"[-0.12, 0.03]",outputs/analysis/sensitivity_temperature_spline_3df_real/point_estimates.json,record[region='Northeast'].temperature_distribution_component,outputs/bootstrap/sensitivity_temperature_spline_3df/interval_summary.json,"record[region='Northeast',quantity='temperature_distribution_component']"
temperature_spline_3df,Three-df TMAX spline,temperature_functional_form,Three centered natural-cubic TMAX columns with pooled 1/3 and 2/3 knots,sensitivity_temperature_spline_3df_primary_population,Northeast,response_component,-0.12958902634625247,-0.32183527652631955,0.06115124954889699,includes_zero,1000,0,ppb,158,181450,180924,362374,362374,3f46faf96f62fecb2214c5cf15538c356c47c923d0370250dbf012e8278045ae,3f46faf96f62fecb2214c5cf15538c356c47c923d0370250dbf012e8278045ae,reinforce,-0.025288014610726606,0.025288014610726606,True,True,True,False,-0.13,"[-0.32, 0.06]",outputs/analysis/sensitivity_temperature_spline_3df_real/point_estimates.json,record[region='Northeast'].response_component,outputs/bootstrap/sensitivity_temperature_spline_3df/interval_summary.json,"record[region='Northeast',quantity='response_component']"
temperature_spline_3df,Three-df TMAX spline,temperature_functional_form,Three centered natural-cubic TMAX columns with pooled 1/3 and 2/3 knots,sensitivity_temperature_spline_3df_primary_population,Northeast,total_change,-0.17506813421828582,-0.3615137582514091,0.013754837733445921,includes_zero,1000,0,ppb,158,181450,180924,362374,362374,3f46faf96f62fecb2214c5cf15538c356c47c923d0370250dbf012e8278045ae,3f46faf96f62fecb2214c5cf15538c356c47c923d0370250dbf012e8278045ae,reinforce,-0.001546825865020196,0.001546825865020196,True,True,True,False,-0.18,"[-0.36, 0.01]",outputs/analysis/sensitivity_temperature_spline_3df_real/point_estimates.json,record[region='Northeast'].total_change,outputs/bootstrap/sensitivity_temperature_spline_3df/interval_summary.json,"record[region='Northeast',quantity='total_change']"
temperature_spline_3df,Three-df TMAX spline,temperature_functional_form,Three centered natural-cubic TMAX columns with pooled 1/3 and 2/3 knots,sensitivity_temperature_spline_3df_primary_population,Northern Rockies and Plains,A,43.5114671874553,41.95012573849506,45.10498714388141,entirely_above_zero,1000,0,ppb,34,45163,44754,89917,89917,3f46faf96f62fecb2214c5cf15538c356c47c923d0370250dbf012e8278045ae,3f46faf96f62fecb2214c5cf15538c356c47c923d0370250dbf012e8278045ae,reinforce,-4.6027296711770305e-05,4.6027296711770305e-05,True,True,True,False,+43.51,"[41.95, 45.10]",outputs/analysis/sensitivity_temperature_spline_3df_real/point_estimates.json,record[region='Northern Rockies and Plains'].A,outputs/bootstrap/sensitivity_temperature_spline_3df/interval_summary.json,"record[region='Northern Rockies and Plains',quantity='A']"
temperature_spline_3df,Three-df TMAX spline,temperature_functional_form,Three centered natural-cubic TMAX columns with pooled 1/3 and 2/3 knots,sensitivity_temperature_spline_3df_primary_population,Northern Rockies and Plains,B,43.88560328816639,42.3776666194129,45.40239371512103,entirely_above_zero,1000,0,ppb,34,45163,44754,89917,89917,3f46faf96f62fecb2214c5cf15538c356c47c923d0370250dbf012e8278045ae,3f46faf96f62fecb2214c5cf15538c356c47c923d0370250dbf012e8278045ae,reinforce,-0.001302057308585347,0.001302057308585347,True,True,True,False,+43.89,"[42.38, 45.40]",outputs/analysis/sensitivity_temperature_spline_3df_real/point_estimates.json,record[region='Northern Rockies and Plains'].B,outputs/bootstrap/sensitivity_temperature_spline_3df/interval_summary.json,"record[region='Northern Rockies and Plains',quantity='B']"
temperature_spline_3df,Three-df TMAX spline,temperature_functional_form,Three centered natural-cubic TMAX columns with pooled 1/3 and 2/3 knots,sensitivity_temperature_spline_3df_primary_population,Northern Rockies and Plains,C,44.69992997662958,43.25516370368583,46.20924032107912,entirely_above_zero,1000,0,ppb,34,45163,44754,89917,89917,3f46faf96f62fecb2214c5cf15538c356c47c923d0370250dbf012e8278045ae,3f46faf96f62fecb2214c5cf15538c356c47c923d0370250dbf012e8278045ae,reinforce,-0.0014891637942326952,0.0014891637942326952,True,True,True,False,+44.70,"[43.26, 46.21]",outputs/analysis/sensitivity_temperature_spline_3df_real/point_estimates.json,record[region='Northern Rockies and Plains'].C,outputs/bootstrap/sensitivity_temperature_spline_3df/interval_summary.json,"record[region='Northern Rockies and Plains',quantity='C']"
temperature_spline_3df,Three-df TMAX spline,temperature_functional_form,Three centered natural-cubic TMAX columns with pooled 1/3 and 2/3 knots,sensitivity_temperature_spline_3df_primary_population,Northern Rockies and Plains,D,45.079871412053244,43.69401298753282,46.50499295222107,entirely_above_zero,1000,0,ppb,34,45163,44754,89917,89917,3f46faf96f62fecb2214c5cf15538c356c47c923d0370250dbf012e8278045ae,3f46faf96f62fecb2214c5cf15538c356c47c923d0370250dbf012e8278045ae,reinforce,0.0002174054790344826,0.0002174054790344826,True,True,True,False,+45.08,"[43.69, 46.50]",outputs/analysis/sensitivity_temperature_spline_3df_real/point_estimates.json,record[region='Northern Rockies and Plains'].D,outputs/bootstrap/sensitivity_temperature_spline_3df/interval_summary.json,"record[region='Northern Rockies and Plains',quantity='D']"
temperature_spline_3df,Three-df TMAX spline,temperature_functional_form,Three centered natural-cubic TMAX columns with pooled 1/3 and 2/3 knots,sensitivity_temperature_spline_3df_primary_population,Northern Rockies and Plains,temperature_distribution_component,0.37703876806737213,0.27103900795619557,0.4850160117109648,entirely_above_zero,1000,0,ppb,34,45163,44754,89917,89917,3f46faf96f62fecb2214c5cf15538c356c47c923d0370250dbf012e8278045ae,3f46faf96f62fecb2214c5cf15538c356c47c923d0370250dbf012e8278045ae,reinforce,0.0002252696306968005,0.0002252696306968005,True,True,True,False,+0.38,"[0.27, 0.49]",outputs/analysis/sensitivity_temperature_spline_3df_real/point_estimates.json,record[region='Northern Rockies and Plains'].temperature_distribution_component,outputs/bootstrap/sensitivity_temperature_spline_3df/interval_summary.json,"record[region='Northern Rockies and Plains',quantity='temperature_distribution_component']"
temperature_spline_3df,Three-df TMAX spline,temperature_functional_form,Three centered natural-cubic TMAX columns with pooled 1/3 and 2/3 knots,sensitivity_temperature_spline_3df_primary_population,Northern Rockies and Plains,response_component,1.1913654565305691,0.634853729850442,1.7818002412371095,entirely_above_zero,1000,0,ppb,34,45163,44754,89917,89917,3f46faf96f62fecb2214c5cf15538c356c47c923d0370250dbf012e8278045ae,3f46faf96f62fecb2214c5cf15538c356c47c923d0370250dbf012e8278045ae,reinforce,3.8163145049452396e-05,3.8163145049452396e-05,True,True,True,False,+1.19,"[0.63, 1.78]",outputs/analysis/sensitivity_temperature_spline_3df_real/point_estimates.json,record[region='Northern Rockies and Plains'].response_component,outputs/bootstrap/sensitivity_temperature_spline_3df/interval_summary.json,"record[region='Northern Rockies and Plains',quantity='response_component']"
temperature_spline_3df,Three-df TMAX spline,temperature_functional_form,Three centered natural-cubic TMAX columns with pooled 1/3 and 2/3 knots,sensitivity_temperature_spline_3df_primary_population,Northern Rockies and Plains,total_change,1.5684042245979413,0.9787725476236083,2.170833477394486,entirely_above_zero,1000,0,ppb,34,45163,44754,89917,89917,3f46faf96f62fecb2214c5cf15538c356c47c923d0370250dbf012e8278045ae,3f46faf96f62fecb2214c5cf15538c356c47c923d0370250dbf012e8278045ae,reinforce,0.0002634327757462529,0.0002634327757462529,True,True,True,False,+1.57,"[0.98, 2.17]",outputs/analysis/sensitivity_temperature_spline_3df_real/point_estimates.json,record[region='Northern Rockies and Plains'].total_change,outputs/bootstrap/sensitivity_temperature_spline_3df/interval_summary.json,"record[region='Northern Rockies and Plains',quantity='total_change']"
temperature_spline_3df,Three-df TMAX spline,temperature_functional_form,Three centered natural-cubic TMAX columns with pooled 1/3 and 2/3 knots,sensitivity_temperature_spline_3df_primary_population,Northwest,A,37.8750489785543,35.43859176083215,40.26682743456296,entirely_above_zero,1000,0,ppb,21,19147,18673,37820,37820,3f46faf96f62fecb2214c5cf15538c356c47c923d0370250dbf012e8278045ae,3f46faf96f62fecb2214c5cf15538c356c47c923d0370250dbf012e8278045ae,reinforce,-0.0005250311288023113,0.0005250311288023113,True,True,True,False,+37.88,"[35.44, 40.27]",outputs/analysis/sensitivity_temperature_spline_3df_real/point_estimates.json,record[region='Northwest'].A,outputs/bootstrap/sensitivity_temperature_spline_3df/interval_summary.json,"record[region='Northwest',quantity='A']"
temperature_spline_3df,Three-df TMAX spline,temperature_functional_form,Three centered natural-cubic TMAX columns with pooled 1/3 and 2/3 knots,sensitivity_temperature_spline_3df_primary_population,Northwest,B,38.4804330859056,35.92612907238033,40.88126575524465,entirely_above_zero,1000,0,ppb,21,19147,18673,37820,37820,3f46faf96f62fecb2214c5cf15538c356c47c923d0370250dbf012e8278045ae,3f46faf96f62fecb2214c5cf15538c356c47c923d0370250dbf012e8278045ae,reinforce,-0.0009567294593324505,0.0009567294593324505,True,True,True,False,+38.48,"[35.93, 40.88]",outputs/analysis/sensitivity_temperature_spline_3df_real/point_estimates.json,record[region='Northwest'].B,outputs/bootstrap/sensitivity_temperature_spline_3df/interval_summary.json,"record[region='Northwest',quantity='B']"
temperature_spline_3df,Three-df TMAX spline,temperature_functional_form,Three centered natural-cubic TMAX columns with pooled 1/3 and 2/3 knots,sensitivity_temperature_spline_3df_primary_population,Northwest,C,38.575533820947065,35.9723610685194,41.333002022448916,entirely_above_zero,1000,0,ppb,21,19147,18673,37820,37820,3f46faf96f62fecb2214c5cf15538c356c47c923d0370250dbf012e8278045ae,3f46faf96f62fecb2214c5cf15538c356c47c923d0370250dbf012e8278045ae,reinforce,-0.0006289301610777898,0.0006289301610777898,True,True,True,False,+38.58,"[35.97, 41.33]",outputs/analysis/sensitivity_temperature_spline_3df_real/point_estimates.json,record[region='Northwest'].C,outputs/bootstrap/sensitivity_temperature_spline_3df/interval_summary.json,"record[region='Northwest',quantity='C']"
temperature_spline_3df,Three-df TMAX spline,temperature_functional_form,Three centered natural-cubic TMAX columns with pooled 1/3 and 2/3 knots,sensitivity_temperature_spline_3df_primary_population,Northwest,D,39.125364583484554,36.38347220776923,41.87222808152518,entirely_above_zero,1000,0,ppb,21,19147,18673,37820,37820,3f46faf96f62fecb2214c5cf15538c356c47c923d0370250dbf012e8278045ae,3f46faf96f62fecb2214c5cf15538c356c47c923d0370250dbf012e8278045ae,reinforce,0.0002612346080965722,0.0002612346080965722,True,True,True,False,+39.13,"[36.38, 41.87]",outputs/analysis/sensitivity_temperature_spline_3df_real/point_estimates.json,record[region='Northwest'].D,outputs/bootstrap/sensitivity_temperature_spline_3df/interval_summary.json,"record[region='Northwest',quantity='D']"
temperature_spline_3df,Three-df TMAX spline,temperature_functional_form,Three centered natural-cubic TMAX columns with pooled 1/3 and 2/3 knots,sensitivity_temperature_spline_3df_primary_population,Northwest,temperature_distribution_component,0.5776074349443974,0.3280770164957247,0.7881860952651042,entirely_above_zero,1000,0,ppb,21,19147,18673,37820,37820,3f46faf96f62fecb2214c5cf15538c356c47c923d0370250dbf012e8278045ae,3f46faf96f62fecb2214c5cf15538c356c47c923d0370250dbf012e8278045ae,reinforce,0.00022923321932211138,0.00022923321932211138,True,True,True,False,+0.58,"[0.33, 0.79]",outputs/analysis/sensitivity_temperature_spline_3df_real/point_estimates.json,record[region='Northwest'].temperature_distribution_component,outputs/bootstrap/sensitivity_temperature_spline_3df/interval_summary.json,"record[region='Northwest',quantity='temperature_distribution_component']"
temperature_spline_3df,Three-df TMAX spline,temperature_functional_form,Three centered natural-cubic TMAX columns with pooled 1/3 and 2/3 knots,sensitivity_temperature_spline_3df_primary_population,Northwest,response_component,0.6727081699858601,-0.324057875628018,1.695856019327562,includes_zero,1000,0,ppb,21,19147,18673,37820,37820,3f46faf96f62fecb2214c5cf15538c356c47c923d0370250dbf012e8278045ae,3f46faf96f62fecb2214c5cf15538c356c47c923d0370250dbf012e8278045ae,reinforce,0.0005570325175767721,0.0005570325175767721,True,True,True,False,+0.67,"[-0.32, 1.70]",outputs/analysis/sensitivity_temperature_spline_3df_real/point_estimates.json,record[region='Northwest'].response_component,outputs/bootstrap/sensitivity_temperature_spline_3df/interval_summary.json,"record[region='Northwest',quantity='response_component']"
temperature_spline_3df,Three-df TMAX spline,temperature_functional_form,Three centered natural-cubic TMAX columns with pooled 1/3 and 2/3 knots,sensitivity_temperature_spline_3df_primary_population,Northwest,total_change,1.2503156049302575,0.3152975466849634,2.1748180185280734,entirely_above_zero,1000,0,ppb,21,19147,18673,37820,37820,3f46faf96f62fecb2214c5cf15538c356c47c923d0370250dbf012e8278045ae,3f46faf96f62fecb2214c5cf15538c356c47c923d0370250dbf012e8278045ae,reinforce,0.0007862657368988835,0.0007862657368988835,True,True,True,False,+1.25,"[0.32, 2.17]",outputs/analysis/sensitivity_temperature_spline_3df_real/point_estimates.json,record[region='Northwest'].total_change,outputs/bootstrap/sensitivity_temperature_spline_3df/interval_summary.json,"record[region='Northwest',quantity='total_change']"
temperature_spline_3df,Three-df TMAX spline,temperature_functional_form,Three centered natural-cubic TMAX columns with pooled 1/3 and 2/3 knots,sensitivity_temperature_spline_3df_primary_population,Ohio Valley,A,42.5997391872935,42.211361674126685,42.95566237441574,entirely_above_zero,1000,0,ppb,133,156120,158259,314379,314379,3f46faf96f62fecb2214c5cf15538c356c47c923d0370250dbf012e8278045ae,3f46faf96f62fecb2214c5cf15538c356c47c923d0370250dbf012e8278045ae,oppose,0.0004412611123427723,0.0004412611123427723,True,True,True,False,+42.60,"[42.21, 42.96]",outputs/analysis/sensitivity_temperature_spline_3df_real/point_estimates.json,record[region='Ohio Valley'].A,outputs/bootstrap/sensitivity_temperature_spline_3df/interval_summary.json,"record[region='Ohio Valley',quantity='A']"
temperature_spline_3df,Three-df TMAX spline,temperature_functional_form,Three centered natural-cubic TMAX columns with pooled 1/3 and 2/3 knots,sensitivity_temperature_spline_3df_primary_population,Ohio Valley,B,42.44733584605866,42.07093701951917,42.79306671576404,entirely_above_zero,1000,0,ppb,133,156120,158259,314379,314379,3f46faf96f62fecb2214c5cf15538c356c47c923d0370250dbf012e8278045ae,3f46faf96f62fecb2214c5cf15538c356c47c923d0370250dbf012e8278045ae,oppose,0.013330541585531819,0.013330541585531819,True,True,True,False,+42.45,"[42.07, 42.79]",outputs/analysis/sensitivity_temperature_spline_3df_real/point_estimates.json,record[region='Ohio Valley'].B,outputs/bootstrap/sensitivity_temperature_spline_3df/interval_summary.json,"record[region='Ohio Valley',quantity='B']"
temperature_spline_3df,Three-df TMAX spline,temperature_functional_form,Three centered natural-cubic TMAX columns with pooled 1/3 and 2/3 knots,sensitivity_temperature_spline_3df_primary_population,Ohio Valley,C,43.04486951412109,42.72589305749332,43.36830175835401,entirely_above_zero,1000,0,ppb,133,156120,158259,314379,314379,3f46faf96f62fecb2214c5cf15538c356c47c923d0370250dbf012e8278045ae,3f46faf96f62fecb2214c5cf15538c356c47c923d0370250dbf012e8278045ae,oppose,-0.00991836613443553,0.00991836613443553,True,True,True,False,+43.04,"[42.73, 43.37]",outputs/analysis/sensitivity_temperature_spline_3df_real/point_estimates.json,record[region='Ohio Valley'].C,outputs/bootstrap/sensitivity_temperature_spline_3df/interval_summary.json,"record[region='Ohio Valley',quantity='C']"
temperature_spline_3df,Three-df TMAX spline,temperature_functional_form,Three centered natural-cubic TMAX columns with pooled 1/3 and 2/3 knots,sensitivity_temperature_spline_3df_primary_population,Ohio Valley,D,42.92100387552681,42.614685531433516,43.219338091871975,entirely_above_zero,1000,0,ppb,133,156120,158259,314379,314379,3f46faf96f62fecb2214c5cf15538c356c47c923d0370250dbf012e8278045ae,3f46faf96f62fecb2214c5cf15538c356c47c923d0370250dbf012e8278045ae,oppose,5.138536884885525e-06,5.138536884885525e-06,True,True,True,False,+42.92,"[42.61, 43.22]",outputs/analysis/sensitivity_temperature_spline_3df_real/point_estimates.json,record[region='Ohio Valley'].D,outputs/bootstrap/sensitivity_temperature_spline_3df/interval_summary.json,"record[region='Ohio Valley',quantity='D']"
temperature_spline_3df,Three-df TMAX spline,temperature_functional_form,Three centered natural-cubic TMAX columns with pooled 1/3 and 2/3 knots,sensitivity_temperature_spline_3df_primary_population,Ohio Valley,temperature_distribution_component,-0.13813448991456312,-0.21055530950323398,-0.061359727221519354,entirely_below_zero,1000,0,ppb,133,156120,158259,314379,314379,3f46faf96f62fecb2214c5cf15538c356c47c923d0370250dbf012e8278045ae,3f46faf96f62fecb2214c5cf15538c356c47c923d0370250dbf012e8278045ae,oppose,0.011406392572254731,0.011406392572254731,True,True,True,False,-0.14,"[-0.21, -0.06]",outputs/analysis/sensitivity_temperature_spline_3df_real/point_estimates.json,record[region='Ohio Valley'].temperature_distribution_component,outputs/bootstrap/sensitivity_temperature_spline_3df/interval_summary.json,"record[region='Ohio Valley',quantity='temperature_distribution_component']"
temperature_spline_3df,Three-df TMAX spline,temperature_functional_form,Three centered natural-cubic TMAX columns with pooled 1/3 and 2/3 knots,sensitivity_temperature_spline_3df_primary_population,Ohio Valley,response_component,0.45939917814786924,0.25513862003159743,0.6696871456474306,entirely_above_zero,1000,0,ppb,133,156120,158259,314379,314379,3f46faf96f62fecb2214c5cf15538c356c47c923d0370250dbf012e8278045ae,3f46faf96f62fecb2214c5cf15538c356c47c923d0370250dbf012e8278045ae,oppose,-0.011842515147712618,0.011842515147712618,True,True,True,False,+0.46,"[0.26, 0.67]",outputs/analysis/sensitivity_temperature_spline_3df_real/point_estimates.json,record[region='Ohio Valley'].response_component,outputs/bootstrap/sensitivity_temperature_spline_3df/interval_summary.json,"record[region='Ohio Valley',quantity='response_component']"
temperature_spline_3df,Three-df TMAX spline,temperature_functional_form,Three centered natural-cubic TMAX columns with pooled 1/3 and 2/3 knots,sensitivity_temperature_spline_3df_primary_population,Ohio Valley,total_change,0.3212646882333061,0.10851602021203544,0.5432453523639909,entirely_above_zero,1000,0,ppb,133,156120,158259,314379,314379,3f46faf96f62fecb2214c5cf15538c356c47c923d0370250dbf012e8278045ae,3f46faf96f62fecb2214c5cf15538c356c47c923d0370250dbf012e8278045ae,oppose,-0.0004361225754578868,0.0004361225754578868,True,True,True,False,+0.32,"[0.11, 0.54]",outputs/analysis/sensitivity_temperature_spline_3df_real/point_estimates.json,record[region='Ohio Valley'].total_change,outputs/bootstrap/sensitivity_temperature_spline_3df/interval_summary.json,"record[region='Ohio Valley',quantity='total_change']"
temperature_spline_3df,Three-df TMAX spline,temperature_functional_form,Three centered natural-cubic TMAX columns with pooled 1/3 and 2/3 knots,sensitivity_temperature_spline_3df_primary_population,South,A,39.153827978202116,38.5444726144686,39.73762693704436,entirely_above_zero,1000,0,ppb,128,189085,186408,375493,375493,3f46faf96f62fecb2214c5cf15538c356c47c923d0370250dbf012e8278045ae,3f46faf96f62fecb2214c5cf15538c356c47c923d0370250dbf012e8278045ae,reinforce,-0.0012516644761078055,0.0012516644761078055,True,True,True,False,+39.15,"[38.54, 39.74]",outputs/analysis/sensitivity_temperature_spline_3df_real/point_estimates.json,record[region='South'].A,outputs/bootstrap/sensitivity_temperature_spline_3df/interval_summary.json,"record[region='South',quantity='A']"
temperature_spline_3df,Three-df TMAX spline,temperature_functional_form,Three centered natural-cubic TMAX columns with pooled 1/3 and 2/3 knots,sensitivity_temperature_spline_3df_primary_population,South,B,39.76415189897013,39.14904306276362,40.368812838435915,entirely_above_zero,1000,0,ppb,128,189085,186408,375493,375493,3f46faf96f62fecb2214c5cf15538c356c47c923d0370250dbf012e8278045ae,3f46faf96f62fecb2214c5cf15538c356c47c923d0370250dbf012e8278045ae,reinforce,-0.01707543730552885,0.01707543730552885,True,True,True,False,+39.76,"[39.15, 40.37]",outputs/analysis/sensitivity_temperature_spline_3df_real/point_estimates.json,record[region='South'].B,outputs/bootstrap/sensitivity_temperature_spline_3df/interval_summary.json,"record[region='South',quantity='B']"
temperature_spline_3df,Three-df TMAX spline,temperature_functional_form,Three centered natural-cubic TMAX columns with pooled 1/3 and 2/3 knots,sensitivity_temperature_spline_3df_primary_population,South,C,40.49071919405907,39.81268891025437,41.1712577279172,entirely_above_zero,1000,0,ppb,128,189085,186408,375493,375493,3f46faf96f62fecb2214c5cf15538c356c47c923d0370250dbf012e8278045ae,3f46faf96f62fecb2214c5cf15538c356c47c923d0370250dbf012e8278045ae,reinforce,0.002577610944371145,0.002577610944371145,True,True,True,False,+40.49,"[39.81, 41.17]",outputs/analysis/sensitivity_temperature_spline_3df_real/point_estimates.json,record[region='South'].C,outputs/bootstrap/sensitivity_temperature_spline_3df/interval_summary.json,"record[region='South',quantity='C']"
temperature_spline_3df,Three-df TMAX spline,temperature_functional_form,Three centered natural-cubic TMAX columns with pooled 1/3 and 2/3 knots,sensitivity_temperature_spline_3df_primary_population,South,D,41.07722055206402,40.38859816021255,41.78152905269451,entirely_above_zero,1000,0,ppb,128,189085,186408,375493,375493,3f46faf96f62fecb2214c5cf15538c356c47c923d0370250dbf012e8278045ae,3f46faf96f62fecb2214c5cf15538c356c47c923d0370250dbf012e8278045ae,reinforce,2.167898161786752e-05,2.167898161786752e-05,True,True,True,False,+41.08,"[40.39, 41.78]",outputs/analysis/sensitivity_temperature_spline_3df_real/point_estimates.json,record[region='South'].D,outputs/bootstrap/sensitivity_temperature_spline_3df/interval_summary.json,"record[region='South',quantity='D']"
temperature_spline_3df,Three-df TMAX spline,temperature_functional_form,Three centered natural-cubic TMAX columns with pooled 1/3 and 2/3 knots,sensitivity_temperature_spline_3df_primary_population,South,temperature_distribution_component,0.5984126393864813,0.5215254667207655,0.6740836784804365,entirely_above_zero,1000,0,ppb,128,189085,186408,375493,375493,3f46faf96f62fecb2214c5cf15538c356c47c923d0370250dbf012e8278045ae,3f46faf96f62fecb2214c5cf15538c356c47c923d0370250dbf012e8278045ae,reinforce,-0.009189852396087161,0.009189852396087161,True,True,True,False,+0.60,"[0.52, 0.67]",outputs/analysis/sensitivity_temperature_spline_3df_real/point_estimates.json,record[region='South'].temperature_distribution_component,outputs/bootstrap/sensitivity_temperature_spline_3df/interval_summary.json,"record[region='South',quantity='temperature_distribution_component']"
temperature_spline_3df,Three-df TMAX spline,temperature_functional_form,Three centered natural-cubic TMAX columns with pooled 1/3 and 2/3 knots,sensitivity_temperature_spline_3df_primary_population,South,response_component,1.3249799344754223,1.09250875630042,1.5598901600419237,entirely_above_zero,1000,0,ppb,128,189085,186408,375493,375493,3f46faf96f62fecb2214c5cf15538c356c47c923d0370250dbf012e8278045ae,3f46faf96f62fecb2214c5cf15538c356c47c923d0370250dbf012e8278045ae,reinforce,0.010463195853812834,0.010463195853812834,True,True,True,False,+1.32,"[1.09, 1.56]",outputs/analysis/sensitivity_temperature_spline_3df_real/point_estimates.json,record[region='South'].response_component,outputs/bootstrap/sensitivity_temperature_spline_3df/interval_summary.json,"record[region='South',quantity='response_component']"
temperature_spline_3df,Three-df TMAX spline,temperature_functional_form,Three centered natural-cubic TMAX columns with pooled 1/3 and 2/3 knots,sensitivity_temperature_spline_3df_primary_population,South,total_change,1.9233925738619035,1.6818521778214,2.178848480785662,entirely_above_zero,1000,0,ppb,128,189085,186408,375493,375493,3f46faf96f62fecb2214c5cf15538c356c47c923d0370250dbf012e8278045ae,3f46faf96f62fecb2214c5cf15538c356c47c923d0370250dbf012e8278045ae,reinforce,0.001273343457725673,0.001273343457725673,True,True,True,False,+1.92,"[1.68, 2.18]",outputs/analysis/sensitivity_temperature_spline_3df_real/point_estimates.json,record[region='South'].total_change,outputs/bootstrap/sensitivity_temperature_spline_3df/interval_summary.json,"record[region='South',quantity='total_change']"
temperature_spline_3df,Three-df TMAX spline,temperature_functional_form,Three centered natural-cubic TMAX columns with pooled 1/3 and 2/3 knots,sensitivity_temperature_spline_3df_primary_population,Southeast,A,40.35037581242283,39.79873300623764,40.93548119515869,entirely_above_zero,1000,0,ppb,136,179797,189042,368839,368839,3f46faf96f62fecb2214c5cf15538c356c47c923d0370250dbf012e8278045ae,3f46faf96f62fecb2214c5cf15538c356c47c923d0370250dbf012e8278045ae,reinforce,0.004093616995064053,0.004093616995064053,True,True,True,False,+40.35,"[39.80, 40.94]",outputs/analysis/sensitivity_temperature_spline_3df_real/point_estimates.json,record[region='Southeast'].A,outputs/bootstrap/sensitivity_temperature_spline_3df/interval_summary.json,"record[region='Southeast',quantity='A']"
temperature_spline_3df,Three-df TMAX spline,temperature_functional_form,Three centered natural-cubic TMAX columns with pooled 1/3 and 2/3 knots,sensitivity_temperature_spline_3df_primary_population,Southeast,B,40.17346854122183,39.681875935665225,40.70344793154122,entirely_above_zero,1000,0,ppb,136,179797,189042,368839,368839,3f46faf96f62fecb2214c5cf15538c356c47c923d0370250dbf012e8278045ae,3f46faf96f62fecb2214c5cf15538c356c47c923d0370250dbf012e8278045ae,reinforce,-0.022304575159104445,0.022304575159104445,True,True,True,False,+40.17,"[39.68, 40.70]",outputs/analysis/sensitivity_temperature_spline_3df_real/point_estimates.json,record[region='Southeast'].B,outputs/bootstrap/sensitivity_temperature_spline_3df/interval_summary.json,"record[region='Southeast',quantity='B']"
temperature_spline_3df,Three-df TMAX spline,temperature_functional_form,Three centered natural-cubic TMAX columns with pooled 1/3 and 2/3 knots,sensitivity_temperature_spline_3df_primary_population,Southeast,C,40.17603681591406,39.725080162834516,40.67398697336795,entirely_above_zero,1000,0,ppb,136,179797,189042,368839,368839,3f46faf96f62fecb2214c5cf15538c356c47c923d0370250dbf012e8278045ae,3f46faf96f62fecb2214c5cf15538c356c47c923d0370250dbf012e8278045ae,reinforce,0.021084479417702084,0.021084479417702084,True,True,True,False,+40.18,"[39.73, 40.67]",outputs/analysis/sensitivity_temperature_spline_3df_real/point_estimates.json,record[region='Southeast'].C,outputs/bootstrap/sensitivity_temperature_spline_3df/interval_summary.json,"record[region='Southeast',quantity='C']"
temperature_spline_3df,Three-df TMAX spline,temperature_functional_form,Three centered natural-cubic TMAX columns with pooled 1/3 and 2/3 knots,sensitivity_temperature_spline_3df_primary_population,Southeast,D,40.00737936233133,39.607003135732185,40.45730834400816,entirely_above_zero,1000,0,ppb,136,179797,189042,368839,368839,3f46faf96f62fecb2214c5cf15538c356c47c923d0370250dbf012e8278045ae,3f46faf96f62fecb2214c5cf15538c356c47c923d0370250dbf012e8278045ae,reinforce,0.00018947702292138047,0.00018947702292138047,True,True,True,False,+40.01,"[39.61, 40.46]",outputs/analysis/sensitivity_temperature_spline_3df_real/point_estimates.json,record[region='Southeast'].D,outputs/bootstrap/sensitivity_temperature_spline_3df/interval_summary.json,"record[region='Southeast',quantity='D']"
temperature_spline_3df,Three-df TMAX spline,temperature_functional_form,Three centered natural-cubic TMAX columns with pooled 1/3 and 2/3 knots,sensitivity_temperature_spline_3df_primary_population,Southeast,temperature_distribution_component,-0.1727823623918674,-0.2622045611378665,-0.09692812281899865,entirely_below_zero,1000,0,ppb,136,179797,189042,368839,368839,3f46faf96f62fecb2214c5cf15538c356c47c923d0370250dbf012e8278045ae,3f46faf96f62fecb2214c5cf15538c356c47c923d0370250dbf012e8278045ae,reinforce,-0.0236465972744746,0.0236465972744746,True,True,True,False,-0.17,"[-0.26, -0.10]",outputs/analysis/sensitivity_temperature_spline_3df_real/point_estimates.json,record[region='Southeast'].temperature_distribution_component,outputs/bootstrap/sensitivity_temperature_spline_3df/interval_summary.json,"record[region='Southeast',quantity='temperature_distribution_component']"
temperature_spline_3df,Three-df TMAX spline,temperature_functional_form,Three centered natural-cubic TMAX columns with pooled 1/3 and 2/3 knots,sensitivity_temperature_spline_3df_primary_population,Southeast,response_component,-0.17021408769963742,-0.3591163497959406,0.03361875603681804,includes_zero,1000,0,ppb,136,179797,189042,368839,368839,3f46faf96f62fecb2214c5cf15538c356c47c923d0370250dbf012e8278045ae,3f46faf96f62fecb2214c5cf15538c356c47c923d0370250dbf012e8278045ae,reinforce,0.01974245730233193,0.01974245730233193,True,True,True,False,-0.17,"[-0.36, 0.03]",outputs/analysis/sensitivity_temperature_spline_3df_real/point_estimates.json,record[region='Southeast'].response_component,outputs/bootstrap/sensitivity_temperature_spline_3df/interval_summary.json,"record[region='Southeast',quantity='response_component']"
temperature_spline_3df,Three-df TMAX spline,temperature_functional_form,Three centered natural-cubic TMAX columns with pooled 1/3 and 2/3 knots,sensitivity_temperature_spline_3df_primary_population,Southeast,total_change,-0.3429964500915048,-0.5730618247688201,-0.11693321285685473,entirely_below_zero,1000,0,ppb,136,179797,189042,368839,368839,3f46faf96f62fecb2214c5cf15538c356c47c923d0370250dbf012e8278045ae,3f46faf96f62fecb2214c5cf15538c356c47c923d0370250dbf012e8278045ae,reinforce,-0.003904139972142673,0.003904139972142673,True,True,True,False,-0.34,"[-0.57, -0.12]",outputs/analysis/sensitivity_temperature_spline_3df_real/point_estimates.json,record[region='Southeast'].total_change,outputs/bootstrap/sensitivity_temperature_spline_3df/interval_summary.json,"record[region='Southeast',quantity='total_change']"
temperature_spline_3df,Three-df TMAX spline,temperature_functional_form,Three centered natural-cubic TMAX columns with pooled 1/3 and 2/3 knots,sensitivity_temperature_spline_3df_primary_population,Southwest,A,46.312523105373856,45.76387842815799,46.81311973743994,entirely_above_zero,1000,0,ppb,96,159995,163126,323121,323121,3f46faf96f62fecb2214c5cf15538c356c47c923d0370250dbf012e8278045ae,3f46faf96f62fecb2214c5cf15538c356c47c923d0370250dbf012e8278045ae,reinforce,2.8135847259136426e-05,2.8135847259136426e-05,True,True,True,False,+46.31,"[45.76, 46.81]",outputs/analysis/sensitivity_temperature_spline_3df_real/point_estimates.json,record[region='Southwest'].A,outputs/bootstrap/sensitivity_temperature_spline_3df/interval_summary.json,"record[region='Southwest',quantity='A']"
temperature_spline_3df,Three-df TMAX spline,temperature_functional_form,Three centered natural-cubic TMAX columns with pooled 1/3 and 2/3 knots,sensitivity_temperature_spline_3df_primary_population,Southwest,B,46.41441636194029,45.86612184399255,46.90398442073184,entirely_above_zero,1000,0,ppb,96,159995,163126,323121,323121,3f46faf96f62fecb2214c5cf15538c356c47c923d0370250dbf012e8278045ae,3f46faf96f62fecb2214c5cf15538c356c47c923d0370250dbf012e8278045ae,reinforce,-0.0016777814509723044,0.0016777814509723044,True,True,True,False,+46.41,"[45.87, 46.90]",outputs/analysis/sensitivity_temperature_spline_3df_real/point_estimates.json,record[region='Southwest'].B,outputs/bootstrap/sensitivity_temperature_spline_3df/interval_summary.json,"record[region='Southwest',quantity='B']"
temperature_spline_3df,Three-df TMAX spline,temperature_functional_form,Three centered natural-cubic TMAX columns with pooled 1/3 and 2/3 knots,sensitivity_temperature_spline_3df_primary_population,Southwest,C,47.614447748325595,47.16885554898649,48.039739305633255,entirely_above_zero,1000,0,ppb,96,159995,163126,323121,323121,3f46faf96f62fecb2214c5cf15538c356c47c923d0370250dbf012e8278045ae,3f46faf96f62fecb2214c5cf15538c356c47c923d0370250dbf012e8278045ae,reinforce,0.0049796701071613825,0.0049796701071613825,True,True,True,False,+47.61,"[47.17, 48.04]",outputs/analysis/sensitivity_temperature_spline_3df_real/point_estimates.json,record[region='Southwest'].C,outputs/bootstrap/sensitivity_temperature_spline_3df/interval_summary.json,"record[region='Southwest',quantity='C']"
temperature_spline_3df,Three-df TMAX spline,temperature_functional_form,Three centered natural-cubic TMAX columns with pooled 1/3 and 2/3 knots,sensitivity_temperature_spline_3df_primary_population,Southwest,D,47.736362760613986,47.28281833583153,48.161883813138985,entirely_above_zero,1000,0,ppb,96,159995,163126,323121,323121,3f46faf96f62fecb2214c5cf15538c356c47c923d0370250dbf012e8278045ae,3f46faf96f62fecb2214c5cf15538c356c47c923d0370250dbf012e8278045ae,reinforce,0.0003598342965958068,0.0003598342965958068,True,True,True,False,+47.74,"[47.28, 48.16]",outputs/analysis/sensitivity_temperature_spline_3df_real/point_estimates.json,record[region='Southwest'].D,outputs/bootstrap/sensitivity_temperature_spline_3df/interval_summary.json,"record[region='Southwest',quantity='D']"
temperature_spline_3df,Three-df TMAX spline,temperature_functional_form,Three centered natural-cubic TMAX columns with pooled 1/3 and 2/3 knots,sensitivity_temperature_spline_3df_primary_population,Southwest,temperature_distribution_component,0.11190413442741232,0.0733494206265127,0.1535136896461129,entirely_above_zero,1000,0,ppb,96,159995,163126,323121,323121,3f46faf96f62fecb2214c5cf15538c356c47c923d0370250dbf012e8278045ae,3f46faf96f62fecb2214c5cf15538c356c47c923d0370250dbf012e8278045ae,reinforce,-0.0031628765543985082,0.0031628765543985082,True,True,True,False,+0.11,"[0.07, 0.15]",outputs/analysis/sensitivity_temperature_spline_3df_real/point_estimates.json,record[region='Southwest'].temperature_distribution_component,outputs/bootstrap/sensitivity_temperature_spline_3df/interval_summary.json,"record[region='Southwest',quantity='temperature_distribution_component']"
temperature_spline_3df,Three-df TMAX spline,temperature_functional_form,Three centered natural-cubic TMAX columns with pooled 1/3 and 2/3 knots,sensitivity_temperature_spline_3df_primary_population,Southwest,response_component,1.3119355208127175,0.9507885785718565,1.7216000076175098,entirely_above_zero,1000,0,ppb,96,159995,163126,323121,323121,3f46faf96f62fecb2214c5cf15538c356c47c923d0370250dbf012e8278045ae,3f46faf96f62fecb2214c5cf15538c356c47c923d0370250dbf012e8278045ae,reinforce,0.0034945750037351786,0.0034945750037351786,True,True,True,False,+1.31,"[0.95, 1.72]",outputs/analysis/sensitivity_temperature_spline_3df_real/point_estimates.json,record[region='Southwest'].response_component,outputs/bootstrap/sensitivity_temperature_spline_3df/interval_summary.json,"record[region='Southwest',quantity='response_component']"
temperature_spline_3df,Three-df TMAX spline,temperature_functional_form,Three centered natural-cubic TMAX columns with pooled 1/3 and 2/3 knots,sensitivity_temperature_spline_3df_primary_population,Southwest,total_change,1.4238396552401298,1.0514509244731394,1.8272230709404562,entirely_above_zero,1000,0,ppb,96,159995,163126,323121,323121,3f46faf96f62fecb2214c5cf15538c356c47c923d0370250dbf012e8278045ae,3f46faf96f62fecb2214c5cf15538c356c47c923d0370250dbf012e8278045ae,reinforce,0.00033169844933667036,0.00033169844933667036,True,True,True,False,+1.42,"[1.05, 1.83]",outputs/analysis/sensitivity_temperature_spline_3df_real/point_estimates.json,record[region='Southwest'].total_change,outputs/bootstrap/sensitivity_temperature_spline_3df/interval_summary.json,"record[region='Southwest',quantity='total_change']"
temperature_spline_3df,Three-df TMAX spline,temperature_functional_form,Three centered natural-cubic TMAX columns with pooled 1/3 and 2/3 knots,sensitivity_temperature_spline_3df_primary_population,Upper Midwest,A,39.68083501820476,38.88131408688991,40.43998914239223,entirely_above_zero,1000,0,ppb,59,63348,64291,127639,127639,3f46faf96f62fecb2214c5cf15538c356c47c923d0370250dbf012e8278045ae,3f46faf96f62fecb2214c5cf15538c356c47c923d0370250dbf012e8278045ae,reinforce,-0.00020691912387604816,0.00020691912387604816,True,True,True,False,+39.68,"[38.88, 40.44]",outputs/analysis/sensitivity_temperature_spline_3df_real/point_estimates.json,record[region='Upper Midwest'].A,outputs/bootstrap/sensitivity_temperature_spline_3df/interval_summary.json,"record[region='Upper Midwest',quantity='A']"
temperature_spline_3df,Three-df TMAX spline,temperature_functional_form,Three centered natural-cubic TMAX columns with pooled 1/3 and 2/3 knots,sensitivity_temperature_spline_3df_primary_population,Upper Midwest,B,40.03652991134344,39.244497813178995,40.775109550474156,entirely_above_zero,1000,0,ppb,59,63348,64291,127639,127639,3f46faf96f62fecb2214c5cf15538c356c47c923d0370250dbf012e8278045ae,3f46faf96f62fecb2214c5cf15538c356c47c923d0370250dbf012e8278045ae,reinforce,0.0009062245792250678,0.0009062245792250678,True,True,True,False,+40.04,"[39.24, 40.78]",outputs/analysis/sensitivity_temperature_spline_3df_real/point_estimates.json,record[region='Upper Midwest'].B,outputs/bootstrap/sensitivity_temperature_spline_3df/interval_summary.json,"record[region='Upper Midwest',quantity='B']"
temperature_spline_3df,Three-df TMAX spline,temperature_functional_form,Three centered natural-cubic TMAX columns with pooled 1/3 and 2/3 knots,sensitivity_temperature_spline_3df_primary_population,Upper Midwest,C,40.84737163823219,40.096629395147325,41.55753544567763,entirely_above_zero,1000,0,ppb,59,63348,64291,127639,127639,3f46faf96f62fecb2214c5cf15538c356c47c923d0370250dbf012e8278045ae,3f46faf96f62fecb2214c5cf15538c356c47c923d0370250dbf012e8278045ae,reinforce,-0.0004438225361909076,0.0004438225361909076,True,True,True,False,+40.85,"[40.10, 41.56]",outputs/analysis/sensitivity_temperature_spline_3df_real/point_estimates.json,record[region='Upper Midwest'].C,outputs/bootstrap/sensitivity_temperature_spline_3df/interval_summary.json,"record[region='Upper Midwest',quantity='C']"
temperature_spline_3df,Three-df TMAX spline,temperature_functional_form,Three centered natural-cubic TMAX columns with pooled 1/3 and 2/3 knots,sensitivity_temperature_spline_3df_primary_population,Upper Midwest,D,41.22298691206185,40.50253030697099,41.89816309493116,entirely_above_zero,1000,0,ppb,59,63348,64291,127639,127639,3f46faf96f62fecb2214c5cf15538c356c47c923d0370250dbf012e8278045ae,3f46faf96f62fecb2214c5cf15538c356c47c923d0370250dbf012e8278045ae,reinforce,1.4452537705267332e-05,1.4452537705267332e-05,True,True,True,False,+41.22,"[40.50, 41.90]",outputs/analysis/sensitivity_temperature_spline_3df_real/point_estimates.json,record[region='Upper Midwest'].D,outputs/bootstrap/sensitivity_temperature_spline_3df/interval_summary.json,"record[region='Upper Midwest',quantity='D']"
temperature_spline_3df,Three-df TMAX spline,temperature_functional_form,Three centered natural-cubic TMAX columns with pooled 1/3 and 2/3 knots,sensitivity_temperature_spline_3df_primary_population,Upper Midwest,temperature_distribution_component,0.365655083484171,0.2432636426156253,0.4974067840082636,entirely_above_zero,1000,0,ppb,59,63348,64291,127639,127639,3f46faf96f62fecb2214c5cf15538c356c47c923d0370250dbf012e8278045ae,3f46faf96f62fecb2214c5cf15538c356c47c923d0370250dbf012e8278045ae,reinforce,0.0007857093884986455,0.0007857093884986455,True,True,True,False,+0.37,"[0.24, 0.50]",outputs/analysis/sensitivity_temperature_spline_3df_real/point_estimates.json,record[region='Upper Midwest'].temperature_distribution_component,outputs/bootstrap/sensitivity_temperature_spline_3df/interval_summary.json,"record[region='Upper Midwest',quantity='temperature_distribution_component']"
temperature_spline_3df,Three-df TMAX spline,temperature_functional_form,Three centered natural-cubic TMAX columns with pooled 1/3 and 2/3 knots,sensitivity_temperature_spline_3df_primary_population,Upper Midwest,response_component,1.1764968103729174,0.8975774335897537,1.472216382002807,entirely_above_zero,1000,0,ppb,59,63348,64291,127639,127639,3f46faf96f62fecb2214c5cf15538c356c47c923d0370250dbf012e8278045ae,3f46faf96f62fecb2214c5cf15538c356c47c923d0370250dbf012e8278045ae,reinforce,-0.00056433772691733,0.00056433772691733,True,True,True,False,+1.18,"[0.90, 1.47]",outputs/analysis/sensitivity_temperature_spline_3df_real/point_estimates.json,record[region='Upper Midwest'].response_component,outputs/bootstrap/sensitivity_temperature_spline_3df/interval_summary.json,"record[region='Upper Midwest',quantity='response_component']"
temperature_spline_3df,Three-df TMAX spline,temperature_functional_form,Three centered natural-cubic TMAX columns with pooled 1/3 and 2/3 knots,sensitivity_temperature_spline_3df_primary_population,Upper Midwest,total_change,1.5421518938570884,1.2631428365584787,1.8426759582734125,entirely_above_zero,1000,0,ppb,59,63348,64291,127639,127639,3f46faf96f62fecb2214c5cf15538c356c47c923d0370250dbf012e8278045ae,3f46faf96f62fecb2214c5cf15538c356c47c923d0370250dbf012e8278045ae,reinforce,0.0002213716615813155,0.0002213716615813155,True,True,True,False,+1.54,"[1.26, 1.84]",outputs/analysis/sensitivity_temperature_spline_3df_real/point_estimates.json,record[region='Upper Midwest'].total_change,outputs/bootstrap/sensitivity_temperature_spline_3df/interval_summary.json,"record[region='Upper Midwest',quantity='total_change']"
temperature_spline_3df,Three-df TMAX spline,temperature_functional_form,Three centered natural-cubic TMAX columns with pooled 1/3 and 2/3 knots,sensitivity_temperature_spline_3df_primary_population,West,A,45.524365634080176,44.436663118721484,46.64901770503486,entirely_above_zero,1000,0,ppb,119,198238,198733,396971,396971,3f46faf96f62fecb2214c5cf15538c356c47c923d0370250dbf012e8278045ae,3f46faf96f62fecb2214c5cf15538c356c47c923d0370250dbf012e8278045ae,reinforce,-0.0009887559023269432,0.0009887559023269432,True,True,True,False,+45.52,"[44.44, 46.65]",outputs/analysis/sensitivity_temperature_spline_3df_real/point_estimates.json,record[region='West'].A,outputs/bootstrap/sensitivity_temperature_spline_3df/interval_summary.json,"record[region='West',quantity='A']"
temperature_spline_3df,Three-df TMAX spline,temperature_functional_form,Three centered natural-cubic TMAX columns with pooled 1/3 and 2/3 knots,sensitivity_temperature_spline_3df_primary_population,West,B,45.35562142165909,44.30450905907358,46.49617322086865,entirely_above_zero,1000,0,ppb,119,198238,198733,396971,396971,3f46faf96f62fecb2214c5cf15538c356c47c923d0370250dbf012e8278045ae,3f46faf96f62fecb2214c5cf15538c356c47c923d0370250dbf012e8278045ae,reinforce,-0.014648464989896581,0.014648464989896581,True,True,True,False,+45.36,"[44.30, 46.50]",outputs/analysis/sensitivity_temperature_spline_3df_real/point_estimates.json,record[region='West'].B,outputs/bootstrap/sensitivity_temperature_spline_3df/interval_summary.json,"record[region='West',quantity='B']"
temperature_spline_3df,Three-df TMAX spline,temperature_functional_form,Three centered natural-cubic TMAX columns with pooled 1/3 and 2/3 knots,sensitivity_temperature_spline_3df_primary_population,West,C,44.749725563926056,43.55203203629379,45.89904702718173,entirely_above_zero,1000,0,ppb,119,198238,198733,396971,396971,3f46faf96f62fecb2214c5cf15538c356c47c923d0370250dbf012e8278045ae,3f46faf96f62fecb2214c5cf15538c356c47c923d0370250dbf012e8278045ae,reinforce,0.0157203923079976,0.0157203923079976,True,True,True,False,+44.75,"[43.55, 45.90]",outputs/analysis/sensitivity_temperature_spline_3df_real/point_estimates.json,record[region='West'].C,outputs/bootstrap/sensitivity_temperature_spline_3df/interval_summary.json,"record[region='West',quantity='C']"
temperature_spline_3df,Three-df TMAX spline,temperature_functional_form,Three centered natural-cubic TMAX columns with pooled 1/3 and 2/3 knots,sensitivity_temperature_spline_3df_primary_population,West,D,44.5785953861017,43.3865044598188,45.72656314673654,entirely_above_zero,1000,0,ppb,119,198238,198733,396971,396971,3f46faf96f62fecb2214c5cf15538c356c47c923d0370250dbf012e8278045ae,3f46faf96f62fecb2214c5cf15538c356c47c923d0370250dbf012e8278045ae,reinforce,0.0006955377687560826,0.0006955377687560826,True,True,True,False,+44.58,"[43.39, 45.73]",outputs/analysis/sensitivity_temperature_spline_3df_real/point_estimates.json,record[region='West'].D,outputs/bootstrap/sensitivity_temperature_spline_3df/interval_summary.json,"record[region='West',quantity='D']"
temperature_spline_3df,Three-df TMAX spline,temperature_functional_form,Three centered natural-cubic TMAX columns with pooled 1/3 and 2/3 knots,sensitivity_temperature_spline_3df_primary_population,West,temperature_distribution_component,-0.16993719512272065,-0.27228738425686966,-0.06349176762866869,entirely_below_zero,1000,0,ppb,119,198238,198733,396971,396971,3f46faf96f62fecb2214c5cf15538c356c47c923d0370250dbf012e8278045ae,3f46faf96f62fecb2214c5cf15538c356c47c923d0370250dbf012e8278045ae,reinforce,-0.014342281813405577,0.014342281813405577,True,True,True,False,-0.17,"[-0.27, -0.06]",outputs/analysis/sensitivity_temperature_spline_3df_real/point_estimates.json,record[region='West'].temperature_distribution_component,outputs/bootstrap/sensitivity_temperature_spline_3df/interval_summary.json,"record[region='West',quantity='temperature_distribution_component']"
temperature_spline_3df,Three-df TMAX spline,temperature_functional_form,Three centered natural-cubic TMAX columns with pooled 1/3 and 2/3 knots,sensitivity_temperature_spline_3df_primary_population,West,response_component,-0.7758330528557522,-1.3059780646505956,-0.27471103745422115,entirely_below_zero,1000,0,ppb,119,198238,198733,396971,396971,3f46faf96f62fecb2214c5cf15538c356c47c923d0370250dbf012e8278045ae,3f46faf96f62fecb2214c5cf15538c356c47c923d0370250dbf012e8278045ae,reinforce,0.016026575484488603,0.016026575484488603,True,True,True,False,-0.78,"[-1.31, -0.27]",outputs/analysis/sensitivity_temperature_spline_3df_real/point_estimates.json,record[region='West'].response_component,outputs/bootstrap/sensitivity_temperature_spline_3df/interval_summary.json,"record[region='West',quantity='response_component']"
temperature_spline_3df,Three-df TMAX spline,temperature_functional_form,Three centered natural-cubic TMAX columns with pooled 1/3 and 2/3 knots,sensitivity_temperature_spline_3df_primary_population,West,total_change,-0.9457702479784729,-1.5138295299633282,-0.42563688057002114,entirely_below_zero,1000,0,ppb,119,198238,198733,396971,396971,3f46faf96f62fecb2214c5cf15538c356c47c923d0370250dbf012e8278045ae,3f46faf96f62fecb2214c5cf15538c356c47c923d0370250dbf012e8278045ae,reinforce,0.0016842936710830259,0.0016842936710830259,True,True,True,False,-0.95,"[-1.51, -0.43]",outputs/analysis/sensitivity_temperature_spline_3df_real/point_estimates.json,record[region='West'].total_change,outputs/bootstrap/sensitivity_temperature_spline_3df/interval_summary.json,"record[region='West',quantity='total_change']"
